<?xml version="1.0" encoding="UTF-8"?>
<project-private xmlns="http://www.netbeans.org/ns/project-private/1">
    <editor-bookmarks xmlns="http://www.netbeans.org/ns/editor-bookmarks/2" lastBookmarkId="0"/>
    <open-files xmlns="http://www.netbeans.org/ns/projectui-open-files/2">
        <group>
            <file>file:/Users/italo/NetBeansProjects/Ejercicio5/src/ejercicio5/Profesor.java</file>
            <file>file:/Users/italo/NetBeansProjects/Ejercicio5/src/ejercicio5/Ejercicio5.java</file>
            <file>file:/Users/italo/NetBeansProjects/Ejercicio5/src/ejercicio5/Persona.java</file>
            <file>file:/Users/italo/NetBeansProjects/Ejercicio5/src/ejercicio5/Alumno.java</file>
            <file>file:/Users/italo/NetBeansProjects/Ejercicio5/src/ejercicio5/Promedios.java</file>
        </group>
    </open-files>
</project-private>
